index,module,topic,color,feed,term,created,country,ratio,counter,pages,language,ipcc,continent
'0a98fdd376',extremes,Snow Avalanche,#deddd5,random,snøskred,2026-09-10T07:28:00+00:00,,0.3093186088422045,6,1,no,,
'76f38d2c6d',extremes,Wildfire,#d60d2b,effis,villbrann norge innlandet sør fron,2026-09-08T07:23:00+00:00,Norway,0.3023346699258851,5,1,no,NEU,Europe
'baaa8da156',extremes,Wildfire,#d60d2b,effis,villbrann innlandet norge,2026-09-08T07:23:00+00:00,Norway,0.2969354997250209,5,1,no,NEU,Europe
'8c3eb0a18e',extremes,Storm,#b3b2b1,wmo,stormflo lopa slettnes fyr,2026-09-09T07:32:00+00:00,Norway,0.2689990734542718,5,1,no,NEU,Europe
'5d492d1719',extremes,Storm,#b3b2b1,wmo,storm fedje svinoey,2026-09-09T07:32:00+00:00,Norway,0.2681910619011561,5,1,no,NEU,Europe
'3aa4328a9e',extremes,Storm,#b3b2b1,wmo,stormflo vardoe russisk grense,2026-09-08T07:23:00+00:00,Norway,0.2680679004289443,5,1,no,NEU,Europe
'07c3b9eeac',extremes,Storm,#b3b2b1,wmo,storm karmoey fedje,2026-09-12T07:19:00+00:00,Norway,0.2654405317737305,5,1,no,NEU,Europe
'4d80e9e567',extremes,Storm,#b3b2b1,wmo,storm fedje maaloey,2026-09-11T07:27:00+00:00,Norway,0.2640317700129675,5,1,no,NEU,Europe
'95367fc724',extremes,Storm,#b3b2b1,wmo,stormflo slettnes fyr vardoe,2026-09-08T07:23:00+00:00,Norway,0.2634430438449697,5,1,no,NEU,Europe
'801198b61a',extremes,Storm,#b3b2b1,wmo,stormflo storegga,2026-09-12T07:19:00+00:00,Norway,0.258809416611627,5,1,no,NEU,Europe
'367d7fed2e',extremes,Storm,#b3b2b1,wmo,stormflo slatteroey fedje,2026-09-11T07:27:00+00:00,Norway,0.2547377365017578,5,1,no,NEU,Europe
'014a44aa59',extremes,Storm,#b3b2b1,wmo,storm roest bank,2026-09-12T07:19:00+00:00,Norway,0.25151751068896616,5,1,no,NEU,Europe
'8d1767f806',extremes,Storm,#b3b2b1,wmo,stormflo island,2026-09-07T07:29:00+00:00,Iceland,0.2316756557310974,4,1,no,GIC,Europe
'30e79eda20',extremes,Storm,#b3b2b1,wmo,storm sørøst island,2026-09-08T07:23:00+00:00,Iceland,0.2314741051701531,4,1,no,GIC,Europe
'd39daa58c4',extremes,Storm,#b3b2b1,wmo,stormflo sørøst island,2026-09-09T07:32:00+00:00,Iceland,0.2292622197949961,4,1,no,GIC,Europe
'c4f1f0cbf9',extremes,Iceberg,#d60d2b,random,isfjell arctis,2026-09-08T07:23:00+00:00,,0.2053427364958379,4,1,no,,
'0053afc92f',extremes,Volcano,#b83202,random,lahar,2026-09-12T07:19:00+00:00,,0.2020919834519353,4,1,no,,
'8d4e6fcc3e',extremes,Snow&Ice,#d60d2b,random,snøbyger,2026-09-09T07:32:00+00:00,,0.1899248773651724,4,1,no,,
'f493aa0ef0',extremes,Drought,#edc291,edo,tørkeperioder norge,2026-09-09T07:32:00+00:00,Norway,0.1871385343740048,5,1,no,NEU,Europe
'b1d56de062',extremes,Snow&Ice,#d60d2b,random,rimfrost,2026-09-10T07:28:00+00:00,,0.1784816855042531,4,1,no,,
'ccefefc59e',extremes,Drought,#edc291,random,lyntørke,2026-09-08T07:23:00+00:00,,0.1652005379168477,4,1,no,,
