week,sentiment_mean,sentiment_std,subjectivity_mean,subjectivity_std,counting
2025-48,-0.7414092962217572,1.0,-0.10312523181720769,1.0,1.0
2025-50,0.0652732966146283,1.0,-0.6913797150342843,1.0,1.0
2025-51,0.7124257700246259,0.8519535132257339,0.1853047911922864,0.487552329092805,8.0
2025-52,0.44284106530635237,0.6906230203622152,0.5449964727142872,0.43374751611876844,3.0
2026-00,0.3622987911611376,0.7645549448721256,-0.21446146487251766,0.6432588075725141,4.0
2026-01,-0.8382817993372501,1.3626974897209836,0.6670038799473671,1.71568715476817,7.0
2026-02,-0.01978587974782653,0.7009936974252625,-0.3734127814509622,0.8559944563519879,17.0
2026-03,-0.8263829821142864,0.9414762347364921,0.20285690643128068,1.0856451560533664,17.0
2026-04,-0.18498524079564674,1.0734008492930196,-0.6943520571549466,1.2699410572678298,13.0
2026-05,-0.299770172296947,0.995117136076015,0.11822638303819764,1.2373274352296508,18.0
2026-06,-0.13810701232809489,0.6179664456613673,0.13106167239217006,0.8657579831910716,19.0
2026-07,0.22784401317151562,1.298471093278057,0.3713215188914893,0.9668894070887777,34.0
2026-08,-0.044371682363764285,1.3520049620016308,0.07886063028236685,1.07644730701819,24.0
2026-09,0.0524704380775951,0.8616710521230562,-0.14029764323920488,0.8809134191470732,28.0
2026-10,0.02120831837912945,0.7753084102445127,-0.01772093824669676,0.7040099984748116,13.0
2026-11,-0.3665816920638047,0.8761712473378582,-0.04933351696390431,0.8873797536135901,15.0
2026-12,-0.3713621565864232,0.23953624730236442,0.7708755162003447,0.6895385205578309,4.0
2026-13,-0.038408431848750944,0.6928636044147373,-0.1775668236220513,0.9673715714874022,39.0
2026-14,0.17727175144922,0.9578792653114311,-0.20909764355289032,0.9892805982637967,23.0
2026-15,0.05739349316399312,0.9742604803686709,0.03431680777288335,1.027174763900044,15.0
2026-16,0.06783196203033541,0.827549576762643,0.0482527465752831,1.229143327338235,29.0
2026-17,0.3968974121470198,0.6253454715366781,0.07598101591527975,0.6733549847760917,30.0
2026-18,-0.06679262154776451,0.9021368290758035,-0.24128810953590146,0.9350073894054776,19.0
2026-19,0.15536891794432542,1.181785131554196,-0.07675498868412833,0.9022183218343613,13.0
2026-20,0.09156926586345723,0.9923330400393365,-0.642718828632127,0.785714613066318,10.0
2026-21,-0.11691583280645637,1.7174084730198138,0.3465278445521233,1.3185373069468267,16.0
2026-22,0.23063348376709555,0.8440527254397384,0.3347007169865642,1.090184145577431,12.0
2026-23,-0.07658278968110714,0.9609615081780625,-0.023029333673592056,1.0478039776707782,18.0
2026-24,0.20195293779272705,1.424094039098039,-0.1443440081194843,1.2730737408796462,22.0
2026-25,-0.015078867507039953,0.6832137084205321,-0.02885048874733822,0.9456686266932987,53.0
2026-26,0.17494684893683551,0.9301868920869935,0.0838787533781488,0.8458393450297371,52.0
2026-27,0.023322150173037643,0.9639226843490444,0.24605517314410494,0.921837591398802,30.0
2026-28,0.4433769785652127,1.1421730502947105,0.004325615131324778,1.1031710348723556,30.0
2026-29,-0.19015317689637076,1.0076677035888482,-0.17969138727726547,0.7430009127866535,27.0
2026-30,-0.14904623524408198,0.7929261605770518,-0.22441382682983815,0.719527418418819,33.0
2026-31,0.15568647328621296,1.0854026170836364,0.26413782491330995,1.5416869796700654,14.0
2026-32,-0.10374282803364909,0.8596755265278677,0.3112664733956144,1.0549938487703134,24.0
2026-33,-0.827085601716483,1.3245141575222315,-0.1608061923474167,1.2722753928115442,11.0
2026-34,-0.16089664801278838,1.2787944372106428,-0.11505678304879714,0.8063901287511882,19.0
2026-35,-0.19951094084441304,0.421936033206392,-0.48818176384263195,0.8361574805238255,5.0
