day,sentiment_mean,sentiment_std,subjectivity_mean,subjectivity_std,counting
2025-12-03,-0.7414092962217572,1.0,-0.10312523181720769,1.0,1.0
2025-12-15,0.0652732966146283,1.0,-0.6913797150342843,1.0,1.0
2025-12-23,-0.1670268505031941,0.8865406803769855,0.17670941499246362,0.7146091988174441,2.0
2025-12-24,1.263840682495272,0.7477679435652776,-0.08625239580644854,0.21016656105315346,3.0
2025-12-26,1.2046659911047304,1.0,0.6150991136820836,1.0,1.0
2025-12-27,0.9658756979691023,1.0,0.9239327173710491,1.0,1.0
2025-12-28,0.071396124643747,1.0,-0.15125514408042312,1.0,1.0
2025-12-31,0.44284106530635237,0.6906230203622152,0.5449964727142872,0.43374751611876844,3.0
2026-01-02,0.7429938240877018,1.0,0.5355988121758796,1.0,1.0
2026-01-03,0.23540044685228292,0.8832877542809346,-0.46448155722198337,0.4955931403972483,3.0
2026-01-06,-1.0077523154884198,1.136491970100081,-0.5322836161642115,1.8434534808751297,2.0
2026-01-08,-0.20413113666659344,1.0,1.3528046141450574,1.0,1.0
2026-01-10,0.43876580639086765,1.0,-0.5122294860545384,1.0,1.0
2026-01-11,-1.3623675447027284,1.8622052686818327,1.6310064212898248,1.835453086808101,3.0
2026-01-12,0.4117191475207118,0.4871932889305432,-0.3893733490988389,0.05314176715803761,2.0
2026-01-13,0.17078917832443294,0.5589734927570684,-0.7491235126072711,0.6688706008520212,7.0
2026-01-14,0.17471884763512469,1.0,1.5032105899676054,1.0,1.0
2026-01-15,-0.5357273051343703,0.4855948900793013,-0.14681553229602504,0.603752941646024,3.0
2026-01-16,0.8615649639582215,1.0,0.3598870080265742,1.0,1.0
2026-01-17,-0.020446295793033156,0.2597695931657328,-1.1740157796737498,0.935907151828912,2.0
2026-01-18,-1.7435318036296743,1.0,0.5999745600236138,1.0,1.0
2026-01-19,-0.1919164169032351,1.0,-1.476066601083322,1.0,1.0
2026-01-20,-1.0138965026979272,1.2686489059686537,0.6166709501399943,1.6636844667417001,3.0
2026-01-22,-0.5661738500615487,0.5960120752313764,-0.4009614338484322,0.083066687522188,3.0
2026-01-23,0.1465399231829308,1.0,0.20121138511989164,1.0,1.0
2026-01-24,-1.4082193694104699,0.7619684250314577,0.34874644045701203,1.1812037165977685,5.0
2026-01-25,-0.5554565742229465,1.1953027626232333,0.583140468533864,0.9338739213700211,4.0
2026-01-26,-1.234066233700726,1.1736189482133246,-0.2729100030637194,1.5759066792461323,2.0
2026-01-27,-0.13082349939321677,0.15609852789828893,-1.3391996590184299,0.6140510082729416,3.0
2026-01-28,-0.770492729360071,0.702959590158843,-1.2453193533970317,0.43887212963697814,3.0
2026-01-29,0.30608955022546264,0.4520408967748377,0.04438947216968901,0.18349770913447827,2.0
2026-01-30,2.5511414764368108,1.0,2.4958900303964224,1.0,1.0
2026-02-01,-0.19802377678491428,0.00863711117496401,-1.6559343371881416,0.2543713918327806,2.0
2026-02-02,-0.7551856592872742,1.0,-0.5924460064932305,1.0,1.0
2026-02-03,-0.08145590365460847,0.8359014408654473,0.7007588980076875,0.4448597630771193,2.0
2026-02-04,-1.7694153993355202,1.0,1.5945850964215262,1.0,1.0
2026-02-06,-0.000998826880105469,0.8878710616503183,-0.23738142049015729,0.7509097525779368,6.0
2026-02-07,-0.33779465926655033,1.145447275361017,0.14358831646060377,1.6423916691128886,8.0
2026-02-09,-0.7551856592872742,1.0,-1.1940699097834229,1.0,1.0
2026-02-10,-0.1896967877748993,0.3008833591321099,-0.14035655952160794,0.6934486458681463,6.0
2026-02-11,0.20510716061662676,1.2014047180418783,1.136911522866302,0.3652198107670144,4.0
2026-02-12,-0.548540213304519,1.0,0.9717761420612693,1.0,1.0
2026-02-13,0.3175287651274805,0.43122466118240105,0.6306135176350612,0.5148891793328487,2.0
2026-02-14,-0.10699014716975247,0.009885560930447825,-0.2185068992323061,0.450436776603728,2.0
2026-02-15,-0.4745441711248592,0.23659089366658234,-0.6057514759892286,0.6690476294980836,3.0
2026-02-16,2.0672695489266,2.877177209652,0.5001252717750807,2.2684854593931134,3.0
2026-02-17,0.012578210906231145,0.02751617849685724,0.45094824543696416,0.6766174087321947,2.0
2026-02-18,0.6015936548471713,0.9000475915173126,-0.16116651326116563,1.0195837155257785,5.0
2026-02-19,-0.06545835492140704,1.0537656685915615,0.4884528912496277,0.7516626739714125,6.0
2026-02-20,-0.3909558253282822,1.3958335830792283,0.5163016885737036,0.896452583853369,7.0
2026-02-21,0.28491277828535394,0.9579488845969706,0.09016773334178121,0.9517796584285244,4.0
2026-02-22,0.07165041409834493,0.5040417230812225,0.5889988287909251,0.732679358893167,7.0
2026-02-23,-0.17631120934615097,0.6841789536194223,0.011601318300241433,1.451846280425651,6.0
2026-02-24,-1.6504045033809243,2.3405438419111912,1.2712446313737757,0.5464349410007021,4.0
2026-02-25,0.5709890647916519,0.8759939760189643,-0.13808410236927868,0.6993214235951651,7.0
2026-02-26,0.2990626078839795,0.6681387590638249,-0.5199682773759509,0.7972118671592774,5.0
2026-02-27,-0.5681597672108982,1.0,-0.8203688835440733,1.0,1.0
2026-03-01,1.6704881671196974,1.0,1.1248676784890312,1.0,1.0
2026-03-02,0.05460427560815073,0.47669773588754677,-0.2858802489071897,0.9089195537862461,3.0
2026-03-03,1.2751153507760007,1.1178344702625809,-0.024460518149849786,1.2853867681521178,2.0
2026-03-04,0.056272538586892296,1.0742287120294627,-0.07273450161176791,0.6617397281042957,3.0
2026-03-05,0.11900209960148075,0.32894247521866243,-0.2745682953506724,1.1721815510652431,5.0
2026-03-06,-0.2947142238510377,0.9425706333428442,-0.28742784158177304,0.7660396194673406,9.0
2026-03-07,-0.26603566041772675,0.8529387683529913,0.6545332571416089,0.5094223820969525,2.0
2026-03-08,0.29394998988073023,1.0382982429554617,-0.038235796533765576,1.2419871590407379,4.0
2026-03-09,0.008254460593460633,0.7549553801379109,0.5355988121758799,1.2549664081342229,2.0
2026-03-11,-0.3295313645706586,0.6019660764705923,-0.3255718134952736,0.4341387487504743,2.0
2026-03-12,-0.0019857430745657432,0.4330802123211904,-0.10993279351655735,0.8422025564654136,5.0
2026-03-13,-0.7276329331562402,1.0,-0.04162589948087694,1.0,1.0
2026-03-14,1.1646857738222531,1.2740054756776942,-0.00964650868340608,0.7080586320748967,2.0
2026-03-15,-0.6735479522323586,1.0,-0.0398433101377947,1.0,1.0
2026-03-16,-0.4602273313650637,1.7375307733908882,0.718070165243974,0.4848816719838847,3.0
2026-03-17,-0.036776626653058656,0.23667501778544484,-1.3749210296713208,0.65178422253039,2.0
2026-03-18,-0.20191707831677824,0.17012588980987944,-0.2692164022612502,0.6353837189851476,2.0
2026-03-19,-0.9137151397985436,0.9369885676063833,-0.3869053076212337,0.7759687245893847,3.0
2026-03-20,-0.06636750601142322,1.0,0.029232026906634706,1.0,1.0
2026-03-21,-0.502619003086129,0.9416647752257814,0.8113431011838843,0.5672164556538861,2.0
2026-03-22,0.08604747732855325,0.498819044657501,-0.048570346368023654,0.9960429170552421,2.0
2026-03-23,-0.413712143579336,0.27441809755872504,0.7540439661875525,0.8435017786256439,3.0
2026-03-24,-0.24431219560768483,1.0,0.8213701662387207,1.0,1.0
2026-03-30,1.2143240234125663,1.0,1.0609056092153717,1.0,1.0
2026-03-31,-0.3472574992728626,0.7578532882163836,-0.18178743002270062,1.0778255312969243,7.0
2026-04-01,0.27317076300006343,0.5847460824668207,0.04648564329623791,1.1927320788351028,7.0
2026-04-02,0.12381834017412532,0.9579196617470003,-0.09244160077655847,1.2055925041743922,4.0
2026-04-04,-0.16300741495116236,0.5667751065765921,-0.6334514960922535,0.8167549817081814,14.0
2026-04-05,-0.06780254383074795,0.7171278988199778,0.3665313541679415,0.290539709208939,6.0
2026-04-06,0.05677936288463562,0.8969717840631106,-0.2492902423159298,1.1773864815378756,12.0
2026-04-07,0.473875391714078,1.3959543451556748,0.08967893293399737,0.6064248924126621,5.0
2026-04-08,-0.6633432388504942,1.0,0.7311265807451922,1.0,1.0
2026-04-09,0.3176744634936365,0.7379445566688296,-0.7699968328463661,1.5072762258878925,2.0
2026-04-10,-0.6633432388504942,1.0,-0.9534203484673458,1.0,1.0
2026-04-11,0.8589292604298788,0.01281176564933067,-0.25193506259021026,0.052091307151887374,2.0
2026-04-13,0.48468701660925767,1.0,0.12950267745500024,1.0,1.0
2026-04-14,0.26335974165807985,0.7072971664427359,-0.29790084983009224,1.7413037038675363,2.0
2026-04-15,0.11789151714059588,1.2531269060568624,-0.023081140367192516,1.0992697512063851,6.0
2026-04-16,0.34918614440097206,1.0,-0.6302085453331866,1.0,1.0
2026-04-17,-0.457372499243624,1.0300342417154253,0.5955751982618382,1.049000139909931,4.0
2026-04-18,0.622450647264428,1.0,-0.6325542667125768,1.0,1.0
2026-04-20,0.4740011700218905,0.8262092788914451,0.005254983898120691,1.5828993380220597,10.0
2026-04-21,0.08654689074463212,1.0536327399042256,-0.05223929551731843,0.3824138954109599,4.0
2026-04-22,0.6421666571252627,0.059191002086530685,1.215066112702014,0.5353051174762581,2.0
2026-04-23,-0.34220608812922776,0.34955943571750947,-0.5843272898790692,0.4791601948136979,3.0
2026-04-24,0.04511689379059268,0.33521572271740685,1.1696736891875468,1.822137828748539,2.0
2026-04-25,0.1813000055849039,1.2204828909639265,0.09161072480392606,0.366152863839928,2.0
2026-04-26,-0.638270202155257,0.6353113141494164,-0.27399703166308154,1.264049283015912,6.0
2026-04-27,-0.11992438722930536,0.4425648113509361,-0.34692477359708146,0.48146289402454456,6.0
2026-04-28,1.3536907594556824,1.0,0.5290024577914909,1.0,1.0
2026-04-29,0.4060158954310449,0.35278743683992403,0.22382487149428057,0.7586486080785609,6.0
2026-04-30,0.6841130687184722,0.22810434494243131,0.22517902939517867,0.7161147384591166,3.0
2026-05-01,0.9261264515275086,0.5207821019420952,0.2006761559745284,0.6162264671205996,8.0
2026-05-02,0.06183464899314195,0.44350901369629475,-0.062527813703566,0.6887335586434947,4.0
2026-05-03,-0.43600342930178904,0.5505765922681505,0.22909617555810358,1.5102690615345418,2.0
2026-05-04,-0.6909924598891442,0.21385245711964815,-0.24503821280425964,0.2278174283050458,3.0
2026-05-05,0.08243980547256059,0.3879982906052991,-0.8058105502781284,0.9478851973113352,2.0
2026-05-06,1.1439510418893863,0.8852431318385667,0.7197914773168123,0.36017724791696054,3.0
2026-05-07,-0.2121126803474088,0.10004221832037435,0.43585338884467223,1.8437235839492503,2.0
2026-05-08,-0.24960248659081546,1.4107924133270027,-0.35340478370945017,0.908070173554913,4.0
2026-05-09,-0.4279970364812451,0.267887392952162,-0.8280820352818892,0.1063530854351036,2.0
2026-05-10,-0.17139526211093462,0.5943167494998203,-0.7330121154837649,1.1832930235643226,3.0
2026-05-11,-0.6863038439596891,0.09741359743714977,0.6910183205258459,0.17016493669616564,2.0
2026-05-12,-0.1683580101715824,0.19294315293514155,-0.5473688241634349,0.304941933570664,2.0
2026-05-13,-1.0307129205976147,1.0,0.41026049899042305,1.0,1.0
2026-05-14,1.5162940588149096,1.6078066306430066,0.3033425676227556,1.5312322757267467,3.0
2026-05-15,-0.10790453127425392,0.9015562701985602,-0.5728554904838524,0.7356251211972453,4.0
2026-05-16,0.6425685107886749,1.0,-0.31398008554177026,1.0,1.0
2026-05-19,0.02442350952367119,0.09311547853261293,-0.19745605188178697,0.04636483024805426,2.0
2026-05-20,0.04731091660871417,0.3884176193347109,-0.6950388547515725,0.7228724100627609,3.0
2026-05-22,0.071396124643747,1.0,-1.5951525119768843,1.0,1.0
2026-05-23,0.2858826339279779,2.0415808245680322,-0.17206834434437798,0.7446627148147462,3.0
2026-05-24,-0.20413113666659344,1.0,-1.8358020732929612,1.0,1.0
2026-05-25,0.3259982802018011,0.48418935638900706,-0.5213099431672694,0.9487488574302834,2.0
2026-05-26,0.13991434959790755,0.5327190187787763,-0.3847633584470942,1.6184615661196224,2.0
2026-05-27,0.5076476217184525,2.3090348633852145,0.896573154149995,1.7725230628687212,4.0
2026-05-28,-0.15429208187246876,1.0,1.605712671351147,1.0,1.0
2026-05-29,-1.456094073936983,1.0,0.7926475016024785,1.0,1.0
2026-05-30,-0.7097125204401519,2.6954246902209476,0.40073175022196417,1.5099059933452035,4.0
2026-05-31,-0.19191641690323508,0.7981326731366828,-0.11549383718938097,0.5331955478526258,2.0
2026-06-01,1.6327172720690093,1.0,0.5706935398678076,1.0,1.0
2026-06-03,0.7772822299906281,0.4767452771578689,0.05362887123373618,0.22910915754810723,2.0
2026-06-04,-0.0569325204195406,0.20817027945913474,0.2744992361016147,1.7802014950531326,2.0
2026-06-05,0.7570832863137987,0.29666868310404715,1.6645551822136118,1.8563447639581727,2.0
2026-06-06,-0.7618941909259561,0.7901950479992065,-0.2215202952766019,0.4513154516096843,2.0
2026-06-07,-0.09873102559390763,0.7983709741708122,-0.03220364152458612,0.8430944876266842,3.0
2026-06-08,-0.6021169146536487,0.37072164416547676,-0.532142564527356,0.9506285081986413,7.0
2026-06-09,-0.1358410920842355,1.2520277296655242,0.08672144873125484,1.251505039839746,5.0
2026-06-10,1.38830565438895,1.0,0.9500149538118984,1.0,1.0
2026-06-11,0.4890840471536351,0.1010968052639799,-0.4498996731343978,0.5239225818030149,2.0
2026-06-12,0.3075623486240388,1.0,0.8228026041036979,1.0,1.0
2026-06-13,-0.8470280797240546,1.0,0.41026049899042283,1.0,1.0
2026-06-14,1.6885256311405858,1.0,1.5935839912733374,1.0,1.0
2026-06-15,1.9449815015540617,0.4675852676983191,0.35410893468333837,0.3062968860530985,2.0
2026-06-16,-0.7227053163844563,1.0155024639413146,-0.8971799564598815,1.5708785981519167,4.0
2026-06-17,3.278991271643877,1.0,1.8774724002018297,1.0,1.0
2026-06-18,-0.5612875977091064,1.355048131106231,0.13888122328403185,1.6416304828766766,4.0
2026-06-19,1.1136989323374402,2.0070548951685123,-0.4228840705552654,1.2607570193246982,3.0
2026-06-20,-0.05748097894069418,0.3991684188451948,-0.2678490157523579,1.0964267651556283,4.0
2026-06-21,-0.17529771704682448,0.4496743409115063,-0.09700381020463367,1.1821778735291648,4.0
2026-06-22,0.20041817734289288,0.9229057304919597,-0.05963332707221419,0.771721069622639,10.0
2026-06-23,-0.11082406781442652,0.46653412458902,-0.5005483414120191,0.6868015102164546,7.0
2026-06-24,-0.2656369978843578,0.5628122247175407,0.4753121228377708,1.1283016949243296,6.0
2026-06-25,-0.28801694086289265,0.43705986400041635,-0.7234179892026081,0.38228736706969835,5.0
2026-06-26,0.1397895754198874,0.5380547398986907,0.18610189856068562,1.1026319161220441,14.0
2026-06-27,-0.5939727067016032,0.9436299603321271,0.5498420239971993,1.144409294269803,4.0
2026-06-28,0.2035928837067912,0.7336532580795511,-0.2097831014078043,0.8071421920871221,7.0
2026-06-29,0.6529919315250204,0.8776768709204491,0.37784618672363873,0.47159083181028416,8.0
2026-06-30,-0.11816416997744125,0.48111052839279117,-0.36608930954042995,1.0304095184795437,11.0
2026-07-01,0.4179165683119615,0.8897620456277497,-0.11472443415084417,0.7586727303172459,12.0
2026-07-02,-0.6467776294431213,0.40369419523449973,0.46243169096765857,0.7310109021918538,5.0
2026-07-03,0.429883256643339,1.3886280122782422,0.6230728103332315,0.7676462549765444,10.0
2026-07-04,-0.13612390339484698,0.7202580389870362,-0.317623708034328,0.9318353209536319,4.0
2026-07-05,-0.18117053155739835,0.03247119914571668,-0.2648952147019037,0.17961854429039736,2.0
2026-07-06,-0.5100130676178958,0.4498565975861304,-0.5640506848696398,1.2897852778095138,2.0
2026-07-07,-0.43941192662351414,0.6683320707820429,0.10613788257032769,0.6004868559086541,4.0
2026-07-08,-0.68247707644149,0.6631137769572902,0.19634977782057703,1.0259668922121101,3.0
2026-07-09,-0.20656723679809083,0.8313059062528707,-0.09735429512553154,0.4388900201599708,4.0
2026-07-10,0.4229646976962843,1.1357073330730216,0.547380289014839,1.2141291759398796,8.0
2026-07-11,0.3712044214475204,1.0672831971197656,0.429602903043758,0.9094628400237795,7.0
2026-07-12,0.18444499586744684,1.130854919146709,0.24965512369824663,1.0495941606263515,2.0
2026-07-13,-0.15912614154625646,0.8320782722990163,0.8134266426347502,0.7704952675857746,5.0
2026-07-14,0.3902478897129261,0.8035491760894828,-0.4888372669845258,1.195008612238579,5.0
2026-07-15,-0.3796728310312481,0.3252036487166615,-0.9542462616436634,0.9038193403323265,3.0
2026-07-16,0.16939234104560655,0.5233778572321934,-0.21690671125037958,0.8748396302359592,7.0
2026-07-17,0.5078727352677801,0.7581880567098631,-0.4605452677409156,0.857298250986459,5.0
2026-07-18,1.6541531350291,2.475462145966322,0.9620356839933978,1.3940282247567053,3.0
2026-07-19,2.2985748202356655,0.6169527837686155,1.1522633130483266,0.3119690506096374,2.0
2026-07-20,-0.3964160757799631,0.849353637911318,0.034975170386583404,0.5917946402230803,4.0
2026-07-21,-0.10417539923344547,0.2919326333044639,-0.9177367100164053,0.3180126812822891,3.0
2026-07-22,-1.4526140394790736,1.3516136644404535,-0.5122294860545382,1.1911545568731607,2.0
2026-07-23,-0.6016435612795067,1.4737061402045137,-0.01672492489192982,0.2568432989998863,3.0
2026-07-24,-0.7193633602962614,0.8311502342191265,0.10422721480984565,0.6869673870060246,4.0
2026-07-25,0.12538304089003877,0.6723498326823557,-0.22210454747834138,0.7662582070113928,7.0
2026-07-26,0.8684964105924048,0.9869591274184745,-0.006475322022353014,1.159967018951298,4.0
2026-07-27,-0.511644553844147,0.6328114933263522,2.235554348143746e-05,1.312064289164036,3.0
2026-07-28,0.15910381457591982,0.6089979566485473,-0.08286662252944339,0.2623301586776169,6.0
2026-07-29,0.45023055930133193,0.6873803410940134,0.170323080543922,0.5500247108698053,4.0
2026-07-30,-0.3407790789239442,1.1841087093967066,-0.47026225966528895,0.9634136919016005,9.0
2026-07-31,-0.10835643004506905,0.5285687667518179,-0.20907220369065577,0.5573135036527704,5.0
2026-08-01,-0.38741967083698076,0.30227078696263066,-0.3417888172483167,0.8067762180993807,3.0
2026-08-02,-0.456028117710442,0.4101564513739554,-0.42890937727610073,0.3849079301259145,3.0
2026-08-03,0.9710952119472758,1.2483796068457118,0.8991188911691075,1.2888167707078775,3.0
2026-08-04,-0.051902945642230844,1.1570543544387188,-0.070527794833796,1.809226603678426,7.0
2026-08-05,0.2883738429256401,0.9400412152684956,0.5981963468753592,0.6417649041112539,2.0
2026-08-06,-0.1919164169032351,1.0,-1.476066601083322,1.0,1.0
2026-08-09,-0.7551856592872742,1.0,1.773941346448192,1.0,1.0
2026-08-10,0.3660988043478199,0.8628337087532952,0.6434609098102241,0.8203775288254945,7.0
2026-08-11,0.7067874244876992,0.4002689721754768,0.361230200143435,0.06933931359661613,2.0
2026-08-12,-0.9325877965415325,0.9180786607468525,0.2316889247483485,0.2012348223756529,2.0
2026-08-13,0.7163803954384075,1.0,-0.4821482908900287,1.0,1.0
2026-08-14,-0.8763676265834132,0.6427886040703253,0.7352262959171606,0.5837601591649776,6.0
2026-08-15,-0.10875608233636735,0.3963230967426794,-0.22304837453345722,1.8760105575022266,5.0
2026-08-16,0.48468701660925767,1.0,-1.0336368689060382,1.0,1.0
2026-08-17,0.010167844352560199,1.0,0.16961093767434626,1.0,1.0
2026-08-18,-0.3763356749855562,1.0,-1.083772194180221,1.0,1.0
2026-08-19,-1.4405129714367146,1.8315529849762144,-0.07440772037073184,1.9450252708998752,5.0
2026-08-20,-0.4046692227676696,0.30087790348641336,-0.13878187205980763,0.15252506623744272,2.0
2026-08-23,-0.3599352427647026,0.6749370679573949,-0.10255225667121698,0.15801029836072522,2.0
2026-08-24,0.1941367103576177,1.0503037779045215,0.467312770004587,1.9808592218729344,2.0
2026-08-25,0.04634819179735238,1.0,-0.5049370751055662,1.0,1.0
2026-08-26,-0.6441043228831037,0.727631560175519,-0.6841168264158353,0.6071765180738098,6.0
2026-08-27,-0.4615331172257712,0.4939061684713513,0.0010809161425607491,0.15871407684043956,2.0
2026-08-28,0.39561579665190816,2.2066141347976607,0.07800080779499989,0.6365501545677165,5.0
2026-08-29,-0.22734824542164786,1.1238865694540003,0.3655892481347122,0.5531686592283456,3.0
2026-08-31,0.4853216136505585,1.0,0.5893812091653116,1.0,1.0
2026-09-01,-0.1919164169032351,1.0,-0.8859386552979982,1.0,1.0
2026-09-02,-0.32377573184847885,0.12303778314058843,-1.120979647045674,0.5772945059435262,2.0
2026-09-05,-0.6434084372724309,1.0,0.097607921010875,1.0,1.0
